Date,Open,High,Low,Close,Adj Close,Volume
3/2/2020,11387.34961,11433,11036.25,11132.75,11132.75,680800
3/3/2020,11217.54981,11342.25,11152.54981,11303.29981,11303.29981,696500
3/4/2020,11351.34961,11356.59961,11082.15039,11251,11251,797700
3/5/2020,11306.04981,11389.5,11244.59961,11269,11269,1352500
3/6/2020,10942.65039,11035.09961,10827.40039,10989.4502,10989.4502,1811000
3/9/2020,10742.04981,10751.54981,10294.4502,10451.4502,10451.4502,1565500
3/11/2020,10334.29981,10545.09961,10334,10458.40039,10458.40039,1218500
3/12/2020,10039.9502,10040.75,9508,9590.150391,9590.150391,1343500
3/13/2020,9107.599609,10159.40039,8555.150391,9955.200195,9955.200195,1388000
3/16/2020,9587.799805,9602.200195,9165.099609,9197.400391,9197.400391,897700
3/17/2020,9285.400391,9403.799805,8915.599609,8967.049805,8967.049805,935600
3/18/2020,9088.450195,9127.549805,8407.049805,8468.799805,8468.799805,1516600
3/19/2020,8063.299805,8575.450195,7832.549805,8263.450195,8263.450195,925700
3/20/2020,8284.450195,8883,8178.200195,8745.450195,8745.450195,1071500
3/23/2020,7945.700195,8159.25,7583.600098,7610.25,7610.25,653500
3/24/2020,7848.299805,8036.950195,7511.100098,7801.049805,7801.049805,738400
3/25/2020,7735.149902,8376.75,7714.75,8317.849609,8317.849609,736900
3/26/2020,8451,8749.049805,8304.900391,8641.450195,8641.450195,865600
3/27/2020,8949.099609,9038.900391,8522.900391,8660.25,8660.25,801500
3/30/2020,8385.950195,8576,8244,8281.099609,8281.099609,593300
3/31/2020,8529.349609,8678.299805,8358,8597.75,8597.75,712700
4/1/2020,8584.099609,8588.099609,8198.349609,8253.799805,8253.799805,506300
4/3/2020,8356.549805,8356.549805,8055.799805,8083.799805,8083.799805,697000
4/7/2020,8446.299805,8819.400391,8360.950195,8792.200195,8792.200195,814200
4/8/2020,8688.900391,9131.700195,8653.900391,8748.75,8748.75,896500
4/9/2020,8973.049805,9128.349609,8904.549805,9111.900391,9111.900391,742100
4/13/2020,9103.950195,9112.049805,8912.400391,8993.849609,8993.849609,644000
4/15/2020,9196.400391,9261.200195,8874.099609,8925.299805,8925.299805,879100
4/16/2020,8851.25,9053.75,8821.900391,8992.799805,8992.799805,719400
4/17/2020,9323.450195,9324,9091.349609,9266.75,9266.75,684200
4/20/2020,9390.200195,9390.849609,9230.799805,9261.849609,9261.849609,726400
4/21/2020,9016.950195,9044.400391,8909.400391,8981.450195,8981.450195,655100
4/22/2020,9026.75,9209.75,8946.25,9187.299805,9187.299805,734400
4/23/2020,9232.349609,9343.599609,9170.150391,9313.900391,9313.900391,666700
4/24/2020,9163.900391,9296.900391,9141.299805,9154.400391,9154.400391,659400
4/27/2020,9259.700195,9377.099609,9250.349609,9282.299805,9282.299805,512800
4/28/2020,9389.799805,9404.400391,9260,9380.900391,9380.900391,614500
4/29/2020,9408.599609,9599.849609,9392.349609,9553.349609,9553.349609,653000
4/30/2020,9753.5,9889.049805,9731.5,9859.900391,9859.900391,931200
5/4/2020,9533.5,9533.5,9266.950195,9293.5,9293.5,687500
5/5/2020,9429.400391,9450.900391,9190.75,9205.599609,9205.599609,725200
5/6/2020,9226.799805,9346.900391,9116.5,9270.900391,9270.900391,722200
5/7/2020,9234.049805,9277.849609,9175.900391,9199.049805,9199.049805,708700
5/8/2020,9376.950195,9382.650391,9238.200195,9251.5,9251.5,609100
5/11/2020,9348.150391,9439.900391,9219.950195,9239.200195,9239.200195,704600
5/12/2020,9168.849609,9240.849609,9043.950195,9196.549805,9196.549805,805500
5/13/2020,9584.200195,9584.5,9351.099609,9383.549805,9383.549805,846400
5/14/2020,9213.950195,9281.099609,9119.75,9142.75,9142.75,602600
5/15/2020,9182.400391,9182.400391,9050,9136.849609,9136.849609,575900
5/18/2020,9158.299805,9158.299805,8806.75,8823.25,8823.25,773000
5/19/2020,8961.700195,9030.349609,8855.299805,8879.099609,8879.099609,762200
5/20/2020,8889.150391,9093.799805,8875.349609,9066.549805,9066.549805,622300
5/21/2020,9079.450195,9178.549805,9056.099609,9106.25,9106.25,631500
5/22/2020,9067.900391,9149.599609,8968.549805,9039.25,9039.25,675800
5/26/2020,9099.75,9161.650391,8996.650391,9029.049805,9029.049805,655000
5/27/2020,9082.200195,9334,9004.25,9314.950195,9314.950195,763500
5/28/2020,9364.950195,9511.25,9336.5,9490.099609,9490.099609,837900
5/29/2020,9422.200195,9598.849609,9376.900391,9580.299805,9580.299805,967000
6/1/2020,9726.849609,9931.599609,9706.950195,9826.150391,9826.150391,794200
6/2/2020,9880.849609,9995.599609,9824.049805,9979.099609,9979.099609,770200
6/3/2020,10108.29981,10176.2002,10035.54981,10061.54981,10061.54981,794700
6/4/2020,10054.25,10123.84961,9944.25,10029.09961,10029.09961,775100
6/5/2020,10093.79981,10177.79981,10040.75,10142.15039,10142.15039,987100
6/8/2020,10326.75,10328.5,10120.25,10167.4502,10167.4502,936500
6/9/2020,10181.15039,10291.15039,10021.4502,10046.65039,10046.65039,754200
6/10/2020,10072.59961,10148.75,10036.84961,10116.15039,10116.15039,632400
6/11/2020,10094.09961,10112.04981,9885.049805,9902,9902,715500
6/12/2020,9544.950195,9996.049805,9544.349609,9972.900391,9972.900391,796300
6/15/2020,9919.349609,9943.349609,9726.349609,9813.700195,9813.700195,716100
6/16/2020,10014.79981,10046.15039,9728.5,9914,9914,899900
6/17/2020,9876.700195,10003.59961,9833.799805,9881.150391,9881.150391,685400
6/18/2020,9863.25,10111.2002,9845.049805,10091.65039,10091.65039,622900
6/19/2020,10119,10272.40039,10072.65039,10244.40039,10244.40039,892100
6/22/2020,10318.75,10393.65039,10277.59961,10311.2002,10311.2002,685400
6/23/2020,10347.9502,10484.7002,10301.75,10471,10471,669200
6/24/2020,10529.25,10553.15039,10281.9502,10305.29981,10305.29981,854800
6/25/2020,10235.54981,10361.79981,10194.5,10288.90039,10288.90039,994200
6/26/2020,10378.90039,10409.84961,10311.25,10383,10383,671900
6/29/2020,10311.9502,10337.9502,10223.59961,10312.40039,10312.40039,574500
6/30/2020,10382.59961,10401.04981,10267.34961,10302.09961,10302.09961,556200
7/1/2020,10323.79981,10447.04981,10299.59961,10430.04981,10430.04981,573600
7/2/2020,10493.04981,10598.2002,10485.54981,10551.7002,10551.7002,597400
7/3/2020,10614.9502,10631.29981,10562.65039,10607.34961,10607.34961,525200
7/6/2020,10723.84961,10811.40039,10695.09961,10763.65039,10763.65039,571200
7/7/2020,10802.84961,10813.79981,10689.7002,10799.65039,10799.65039,636800
7/8/2020,10818.65039,10847.84961,10676.54981,10705.75,10705.75,767900
7/9/2020,10755.54981,10836.84961,10733,10813.4502,10813.4502,618700
7/10/2020,10764.09961,10819.40039,10713,10768.04981,10768.04981,590700
7/13/2020,10851.84961,10894.04981,10756.04981,10802.7002,10802.7002,554100
7/14/2020,10750.84961,10755.65039,10562.90039,10607.34961,10607.34961,532400
7/15/2020,10701,10827.4502,10577.75,10618.2002,10618.2002,715900
7/16/2020,10706.2002,10755.29981,10595.2002,10739.9502,10739.9502,694400
7/17/2020,10752,10933.4502,10749.65039,10901.7002,10901.7002,676900
7/20/2020,10999.4502,11037.90039,10953,11022.2002,11022.2002,554300
7/21/2020,11126.09961,11179.54981,11113.25,11162.25,11162.25,772000
7/22/2020,11231.2002,11238.09961,11056.54981,11132.59961,11132.59961,765100
7/23/2020,11135,11239.79981,11103.15039,11215.4502,11215.4502,621600
7/24/2020,11149.9502,11225.40039,11090.29981,11194.15039,11194.15039,678900
7/27/2020,11225,11225,11087.84961,11131.79981,11131.79981,588100
7/28/2020,11154.09961,11317.75,11151.40039,11300.54981,11300.54981,683900
7/29/2020,11276.90039,11341.40039,11149.75,11202.84961,11202.84961,600700
7/30/2020,11254.29981,11299.9502,11084.9502,11102.15039,11102.15039,677800
7/31/2020,11139.5,11150.40039,11026.65039,11073.4502,11073.4502,642600
8/3/2020,11057.54981,11058.04981,10882.25,10891.59961,10891.59961,680900
8/4/2020,10946.65039,11112.25,10908.09961,11095.25,11095.25,625700
8/5/2020,11155.75,11225.65039,11064.04981,11101.65039,11101.65039,667600
8/6/2020,11185.7002,11256.79981,11127.29981,11200.15039,11200.15039,600400
8/7/2020,11186.65039,11231.90039,11142.04981,11214.04981,11214.04981,452600
8/10/2020,11270.25,11337.29981,11238,11270.15039,11270.15039,492000
8/11/2020,11322.25,11373.59961,11299.15039,11322.5,11322.5,586100
8/12/2020,11289,11322,11242.65039,11308.40039,11308.40039,609900
8/13/2020,11334.84961,11359.29981,11269.9502,11300.4502,11300.4502,562400
8/14/2020,11353.29981,11366.25,11111.4502,11178.40039,11178.40039,645100
8/17/2020,11248.90039,11267.09961,11144.5,11247.09961,11247.09961,634000
8/18/2020,11259.79981,11401.7002,11253.15039,11385.34961,11385.34961,579200
8/19/2020,11452.15039,11460.34961,11394.09961,11408.40039,11408.40039,626200
8/20/2020,11317.4502,11361.4502,11289.79981,11312.2002,11312.2002,791600
8/21/2020,11409.65039,11418.5,11362.2002,11371.59961,11371.59961,668700
8/24/2020,11412,11497.25,11410.65039,11466.4502,11466.4502,532900
8/25/2020,11513.09961,11525.90039,11423.34961,11472.25,11472.25,638200
8/26/2020,11512.84961,11561.75,11461.84961,11549.59961,11549.59961,743400
8/27/2020,11609.29981,11617.34961,11540.59961,11559.25,11559.25,719800
8/28/2020,11602.9502,11686.04981,11589.40039,11647.59961,11647.59961,807000
8/31/2020,11777.54981,11794.25,11325.84961,11387.5,11387.5,1371800
9/1/2020,11464.29981,11553.54981,11366.90039,11470.25,11470.25,783800
9/2/2020,11478.54981,11554.75,11430.40039,11535,11535,593500
9/3/2020,11566.2002,11584.9502,11507.65039,11527.4502,11527.4502,607100
9/4/2020,11354.40039,11452.04981,11303.65039,11333.84961,11333.84961,681300
9/7/2020,11359.59961,11381.15039,11251.7002,11355.04981,11355.04981,560300
9/8/2020,11378.54981,11437.25,11290.4502,11317.34961,11317.34961,572200
9/9/2020,11218.59961,11298.15039,11185.15039,11278,11278,728900
9/10/2020,11363.29981,11464.04981,11327.40039,11449.25,11449.25,679400
9/11/2020,11447.79981,11493.5,11419.90039,11464.4502,11464.4502,554800
9/14/2020,11540.15039,11568.90039,11383.54981,11440.04981,11440.04981,642300
9/15/2020,11487.2002,11535.9502,11442.25,11521.79981,11521.79981,506700
9/16/2020,11538.4502,11618.09961,11516.75,11604.54981,11604.54981,527800
9/17/2020,11539.40039,11587.2002,11498.5,11516.09961,11516.09961,0
9/18/2020,11584.09961,11584.09961,11446.09961,11504.9502,11504.9502,764200
9/21/2020,11503.79981,11535.25,11218.5,11250.54981,11250.54981,602900
9/22/2020,11301.75,11302.2002,11084.65039,11153.65039,11153.65039,672200
9/23/2020,11258.75,11259.54981,11024.40039,11131.84961,11131.84961,714900
9/24/2020,11011,11015.29981,10790.2002,10805.54981,10805.54981,706100
9/25/2020,10910.40039,11072.59961,10854.84961,11050.25,11050.25,559600
9/28/2020,11140.84961,11239.34961,11099.84961,11227.54981,11227.54981,472800
9/29/2020,11288.59961,11305.40039,11181,11222.40039,11222.40039,498300
9/30/2020,11244.4502,11295.40039,11184.54981,11247.54981,11247.54981,499300
10/1/2020,11364.4502,11428.59961,11347.04981,11416.9502,11416.9502,447700
10/5/2020,11487.79981,11578.04981,11452.29981,11503.34961,11503.34961,530600
10/6/2020,11603.4502,11680.29981,11564.29981,11662.40039,11662.40039,561400
10/7/2020,11679.25,11763.04981,11629.34961,11738.84961,11738.84961,513400
10/8/2020,11835.40039,11905.7002,11791.15039,11834.59961,11834.59961,608800
10/9/2020,11852.04981,11938.59961,11805.2002,11914.2002,11914.2002,611100
10/12/2020,11973.54981,12022.04981,11867.2002,11930.9502,11930.9502,522600
10/13/2020,11934.65039,11988.2002,11888.90039,11934.5,11934.5,458300
10/14/2020,11917.40039,11997.2002,11822.15039,11971.04981,11971.04981,569200
10/15/2020,12023.4502,12025.4502,11661.29981,11680.34961,11680.34961,608900
10/16/2020,11727.40039,11789.75,11667.84961,11762.4502,11762.4502,555800
10/19/2020,11879.2002,11898.25,11820.40039,11873.04981,11873.04981,541400
10/20/2020,11861,11949.25,11837.25,11896.79981,11896.79981,453600
10/21/2020,11958.54981,12018.65039,11775.75,11937.65039,11937.65039,623700
10/22/2020,11890,11939.54981,11823.4502,11896.4502,11896.4502,544900
10/23/2020,11957.90039,11974.54981,11908.75,11930.34961,11930.34961,502300
10/26/2020,11937.40039,11942.84961,11711.7002,11767.75,11767.75,519800
10/27/2020,11807.09961,11899.04981,11723,11889.40039,11889.40039,616300
10/28/2020,11922.59961,11929.40039,11684.84961,11729.59961,11729.59961,704000
10/29/2020,11633.29981,11744.15039,11606.4502,11670.79981,11670.79981,555000
10/30/2020,11678.4502,11748.9502,11535.4502,11642.40039,11642.40039,553700
11/2/2020,11697.34961,11725.65039,11557.40039,11669.15039,11669.15039,568400
11/3/2020,11734.4502,11836.2002,11723.29981,11813.5,11813.5,674300
11/4/2020,11783.34961,11929.65039,11756.40039,11908.5,11908.5,667300
11/5/2020,12062.40039,12131.09961,12027.59961,12120.29981,12120.29981,632500
11/6/2020,12156.65039,12280.40039,12131.84961,12263.54981,12263.54981,576800
11/9/2020,12399.40039,12474.04981,12367.34961,12461.04981,12461.04981,553400
11/10/2020,12556.40039,12643.90039,12475.25,12631.09961,12631.09961,847500
11/11/2020,12680.59961,12769.75,12571.09961,12749.15039,12749.15039,880500
11/12/2020,12702.15039,12741.15039,12624.84961,12690.79981,12690.79981,622000
11/13/2020,12659.7002,12735.9502,12607.7002,12719.9502,12719.9502,513900
11/14/2020,null,null,null,null,null,null
11/17/2020,12932.5,12934.04981,12797.09961,12874.2002,12874.2002,707700
11/18/2020,12860.09961,12948.84961,12819.34961,12938.25,12938.25,731300
11/19/2020,12839.5,12963,12745.75,12771.7002,12771.7002,768800
11/20/2020,12813.40039,12892.4502,12730.25,12859.04981,12859.04981,664000
11/23/2020,12960.29981,12968.84961,12825.7002,12926.4502,12926.4502,633100
11/24/2020,13002.59961,13079.09961,12978,13055.15039,13055.15039,571900
11/25/2020,13130,13145.84961,12833.65039,12858.40039,12858.40039,679000
11/26/2020,12906.4502,13018,12790.40039,12987,12987,549800
11/27/2020,13012.04981,13035.29981,12914.29981,12968.9502,12968.9502,1162400
12/1/2020,13062.2002,13128.40039,12962.79981,13109.04981,13109.04981,583600
12/2/2020,13121.40039,13128.5,12983.54981,13113.75,13113.75,717700
12/3/2020,13215.29981,13216.59961,13107.90039,13133.90039,13133.90039,713700
12/4/2020,13177.40039,13280.04981,13152.84961,13258.54981,13258.54981,640500
12/7/2020,13264.84961,13366.65039,13241.9502,13355.75,13355.75,591700
12/8/2020,13393.84961,13435.4502,13311.04981,13392.9502,13392.9502,543200
12/9/2020,13458.09961,13548.90039,13449.59961,13529.09961,13529.09961,502600
12/10/2020,13488.5,13503.54981,13399.29981,13478.29981,13478.29981,553400
12/11/2020,13512.29981,13579.34961,13402.84961,13513.84961,13513.84961,787700
12/14/2020,13571.4502,13597.5,13472.4502,13558.15039,13558.15039,558400
12/15/2020,13547.2002,13589.65039,13447.04981,13567.84961,13567.84961,497600
12/16/2020,13663.09961,13692.34961,13606.4502,13682.7002,13682.7002,462200
12/17/2020,13713.54981,13773.25,13673.54981,13740.7002,13740.7002,416000
12/18/2020,13764.40039,13772.84961,13658.59961,13760.54981,13760.54981,519400
12/21/2020,13741.90039,13777.5,13131.4502,13328.40039,13328.40039,687300
12/22/2020,13373.65039,13492.04981,13192.90039,13466.29981,13466.29981,696200
12/23/2020,13473.5,13619.4502,13432.2002,13601.09961,13601.09961,458700
12/24/2020,13672.15039,13771.75,13626.90039,13749.25,13749.25,471400
12/28/2020,13815.15039,13885.29981,13811.54981,13873.2002,13873.2002,403600
12/29/2020,13910.34961,13967.59961,13859.90039,13932.59961,13932.59961,439600
12/30/2020,13980.90039,13997,13864.9502,13981.9502,13981.9502,380700
12/31/2020,13970,14024.84961,13936.4502,13981.75,13981.75,452400
1/1/2021,13996.09961,14049.84961,13991.34961,14018.5,14018.5,358100
1/4/2021,14104.34961,14147.9502,13953.75,14132.90039,14132.90039,495000
1/5/2021,14075.15039,14215.59961,14048.15039,14199.5,14199.5,492500
1/6/2021,14240.9502,14244.15039,14039.90039,14146.25,14146.25,632300
1/7/2021,14253.75,14256.25,14123.09961,14137.34961,14137.34961,559200
1/8/2021,14258.40039,14367.29981,14221.65039,14347.25,14347.25,613500
1/11/2021,14474.04981,14498.2002,14383.09961,14484.75,14484.75,672900
1/12/2021,14473.79981,14590.65039,14432.84961,14563.4502,14563.4502,929600
1/13/2021,14639.79981,14653.34961,14435.7002,14564.84961,14564.84961,874000
1/14/2021,14550.04981,14617.79981,14471.5,14595.59961,14595.59961,620200
1/15/2021,14594.34961,14617.4502,14357.84961,14433.7002,14433.7002,789600
1/18/2021,14453.29981,14459.15039,14222.79981,14281.29981,14281.29981,762000
1/19/2021,14371.65039,14546.04981,14350.84961,14521.15039,14521.15039,546100
1/20/2021,14538.29981,14666.4502,14517.54981,14644.7002,14644.7002,623100
1/21/2021,14730.9502,14753.54981,14517.25,14590.34961,14590.34961,704600
1/22/2021,14583.40039,14619.90039,14357.75,14371.90039,14371.90039,776800
1/25/2021,14477.79981,14491.09961,14218.59961,14238.90039,14238.90039,618600
1/27/2021,14237.9502,14237.9502,13929.29981,13967.5,13967.5,660700
1/28/2021,13810.40039,13898.25,13713.25,13817.54981,13817.54981,637900
1/29/2021,13946.59961,13966.84961,13596.75,13634.59961,13634.59961,753200
2/1/2021,13758.59961,14336.34961,13661.75,14281.2002,14281.2002,870500
2/2/2021,14481.09961,14731.7002,14469.15039,14647.84961,14647.84961,915000
2/3/2021,14754.90039,14868.84961,14574.15039,14789.9502,14789.9502,869500
2/4/2021,14789.04981,14913.7002,14714.75,14895.65039,14895.65039,884700
2/5/2021,14952.59961,15014.65039,14864.75,14924.25,14924.25,935600
2/8/2021,15064.29981,15159.90039,15041.04981,15115.79981,15115.79981,671200
2/9/2021,15164.15039,15257.09961,15064.29981,15109.29981,15109.29981,713300
2/10/2021,15119.04981,15168.25,14977.2002,15106.5,15106.5,624800
2/11/2021,15073.25,15188.5,15065.40039,15173.29981,15173.29981,500100
2/12/2021,15186.2002,15243.5,15081,15163.29981,15163.29981,571800
2/15/2021,15270.29981,15340.15039,15243.40039,15314.7002,15314.7002,456000
2/16/2021,15371.4502,15431.75,15242.2002,15313.4502,15313.4502,648500
2/17/2021,15279.90039,15314.29981,15170.75,15208.90039,15208.90039,504800
2/18/2021,15238.7002,15250.75,15078.04981,15118.9502,15118.9502,770600
2/19/2021,15074.79981,15144.04981,14898.2002,14981.75,14981.75,712200
2/22/2021,14999.04981,15010.09961,14635.04981,14675.7002,14675.7002,609900
2/23/2021,14782.25,14854.5,14651.84961,14707.79981,14707.79981,744100
2/24/2021,14729.15039,15008.79981,14504.5,14982,14982,403800
2/25/2021,15079.84961,15176.5,15065.34961,15097.34961,15097.34961,803900
2/26/2021,14888.59961,14919.4502,14467.75,14529.15039,14529.15039,1103600
3/1/2021,14702.5,14806.79981,14638.54981,14761.54981,14761.54981,507300
3/2/2021,14865.29981,14959.09961,14760.79981,14919.09961,14919.09961,621700
3/3/2021,15064.40039,15273.15039,14995.79981,15245.59961,15245.59961,544200
3/4/2021,15026.75,15202.34961,14980.2002,15080.75,15080.75,534900
3/5/2021,14977.9502,15092.34961,14862.09961,14938.09961,14938.09961,640700
3/8/2021,15002.4502,15111.15039,14919.90039,14956.2002,14956.2002,0
3/9/2021,15049.90039,15126.84961,14925.4502,15098.40039,15098.40039,675300
3/10/2021,15202.15039,15218.4502,15100.84961,15174.79981,15174.79981,404600
3/12/2021,15321.15039,15336.29981,14953.59961,15030.9502,15030.9502,493200
3/15/2021,15048.40039,15048.40039,14745.84961,14929.5,14929.5,467500
3/16/2021,14996.09961,15051.59961,14890.65039,14910.4502,14910.4502,100
3/17/2021,14946.54981,14956.54981,14696.04981,14721.29981,14721.29981,100
3/18/2021,14855.5,14875.2002,14478.59961,14557.84961,14557.84961,542200
3/19/2021,14471.15039,14788.25,14350.09961,14744,14744,919200
3/22/2021,14736.29981,14763.90039,14597.84961,14736.40039,14736.40039,459000
3/23/2021,14768.54981,14878.59961,14707,14814.75,14814.75,474200
3/24/2021,14712.4502,14752.34961,14535,14549.40039,14549.40039,456400
3/25/2021,14570.90039,14575.59961,14264.40039,14324.90039,14324.90039,606800
3/26/2021,14506.29981,14572.90039,14414.25,14507.29981,14507.29981,481000
3/30/2021,14628.5,14876.29981,14617.59961,14845.09961,14845.09961,594500
3/31/2021,14811.84961,14813.75,14670.25,14690.7002,14690.7002,463900
4/1/2021,14798.40039,14883.2002,14692.4502,14867.34961,14867.34961,445000
4/5/2021,14837.7002,14849.84961,14459.5,14637.79981,14637.79981,509700
4/6/2021,14737,14779.09961,14573.90039,14683.5,14683.5,475300
4/7/2021,14716.4502,14879.79981,14649.84961,14819.04981,14819.04981,0
4/8/2021,14875.65039,14984.15039,14821.09961,14873.79981,14873.79981,514800
4/9/2021,14882.65039,14918.4502,14785.65039,14834.84961,14834.84961,504100
4/12/2021,14644.65039,14652.5,14248.7002,14310.79981,14310.79981,650200
4/13/2021,14364.90039,14528.90039,14274.90039,14504.79981,14504.79981,605100
4/15/2021,14522.40039,14597.54981,14353.2002,14581.4502,14581.4502,568000
4/16/2021,14599.59961,14697.7002,14559,14617.84961,14617.84961,577200
4/19/2021,14306.59961,14382.29981,14191.40039,14359.4502,14359.4502,512300
4/20/2021,14526.7002,14526.9502,14207.29981,14296.40039,14296.40039,467400
4/22/2021,14219.15039,14424.75,14151.40039,14406.15039,14406.15039,524600
4/23/2021,14326.34961,14461.15039,14273.29981,14341.34961,14341.34961,498100
4/26/2021,14449.4502,14557.5,14421.29981,14485,14485,452700
4/27/2021,14493.79981,14667.54981,14484.84961,14653.04981,14653.04981,451800
4/28/2021,14710.5,14890.25,14694.9502,14864.54981,14864.54981,457000
4/29/2021,14979,15044.34961,14814.4502,14894.90039,14894.90039,517500
4/30/2021,14747.34961,14855.4502,14601.7002,14631.09961,14631.09961,613900
5/3/2021,14481.04981,14673.84961,14416.25,14634.15039,14634.15039,448900
5/4/2021,14687.25,14723.40039,14461.5,14496.5,14496.5,503400
5/5/2021,14604.15039,14637.90039,14506.59961,14617.84961,14617.84961,455900
5/6/2021,14668.34961,14743.90039,14611.5,14724.79981,14724.79981,467800
5/7/2021,14816.84961,14863.04981,14765.5,14823.15039,14823.15039,488000
5/10/2021,14928.25,14966.90039,14892.5,14942.34961,14942.34961,522000
5/11/2021,14789.7002,14900,14771.40039,14850.75,14850.75,647400
5/12/2021,14823.54981,14824.04981,14649.7002,14696.5,14696.5,643800
5/14/2021,14749.40039,14749.65039,14591.90039,14677.79981,14677.79981,620700
5/17/2021,14756.25,14938,14725.34961,14923.15039,14923.15039,546400
5/18/2021,15067.2002,15137.25,15043.7002,15108.09961,15108.09961,583900
5/19/2021,15058.59961,15133.40039,15008.84961,15030.15039,15030.15039,569100
5/20/2021,15042.59961,15069.79981,14884.90039,14906.04981,14906.04981,480300
5/21/2021,14987.79981,15190,14985.84961,15175.29981,15175.29981,572900
5/24/2021,15211.34961,15256.25,15145.4502,15197.7002,15197.7002,579800
5/25/2021,15291.75,15293.84961,15163.40039,15208.4502,15208.4502,441500
5/26/2021,15257.04981,15319.90039,15194.9502,15301.4502,15301.4502,384000
5/27/2021,15323.9502,15384.54981,15272.5,15337.84961,15337.84961,0
5/28/2021,15421.2002,15469.65039,15394.75,15435.65039,15435.65039,468100
5/31/2021,15437.75,15606.34961,15374,15582.79981,15582.79981,436000
6/1/2021,15629.65039,15660.75,15528.29981,15574.84961,15574.84961,409600
6/2/2021,15520.34961,15597.4502,15459.84961,15576.2002,15576.2002,428600
6/3/2021,15655.54981,15705.09961,15611,15690.34961,15690.34961,410200
6/4/2021,15712.5,15733.59961,15622.34961,15670.25,15670.25,414200
6/7/2021,15725.09961,15773.4502,15678.09961,15751.65039,15751.65039,394000
6/8/2021,15773.90039,15778.79981,15680,15740.09961,15740.09961,378200
6/9/2021,15766.29981,15800.4502,15566.90039,15635.34961,15635.34961,457900
6/10/2021,15692.09961,15751.25,15648.5,15737.75,15737.75,298300
6/11/2021,15796.4502,15835.54981,15749.79981,15799.34961,15799.34961,363000
6/14/2021,15791.40039,15823.04981,15606.5,15811.84961,15811.84961,392900
6/15/2021,15866.9502,15901.59961,15842.40039,15869.25,15869.25,323300
6/16/2021,15847.5,15880.84961,15742.59961,15767.54981,15767.54981,340200
6/17/2021,15648.29981,15769.34961,15616.75,15691.40039,15691.40039,357600
6/18/2021,15756.5,15761.5,15450.90039,15683.34961,15683.34961,640800
6/21/2021,15525.84961,15765.15039,15505.65039,15746.5,15746.5,351500
6/22/2021,15840.5,15895.75,15752.09961,15772.75,15772.75,322200
6/23/2021,15862.79981,15862.9502,15673.9502,15686.9502,15686.9502,287500
6/24/2021,15737.29981,15821.40039,15702.7002,15790.4502,15790.4502,316700
6/25/2021,15839.34961,15870.79981,15772.29981,15860.34961,15860.34961,314600
6/28/2021,15915.34961,15915.65039,15792.15039,15814.7002,15814.7002,255100
6/29/2021,15807.5,15835.90039,15724.04981,15748.4502,15748.4502,360300
6/30/2021,15776.90039,15839.09961,15708.75,15721.5,15721.5,262400
7/1/2021,15755.04981,15755.54981,15667.04981,15680,15680,224900
7/2/2021,15705.84961,15738.34961,15635.9502,15722.2002,15722.2002,254800
7/5/2021,15793.40039,15845.9502,15762.04981,15834.34961,15834.34961,207000
7/6/2021,15813.75,15914.2002,15801,15818.25,15818.25,391400
7/7/2021,15819.59961,15893.54981,15779.7002,15879.65039,15879.65039,329300
7/8/2021,15855.40039,15885.75,15682.90039,15727.90039,15727.90039,307900
7/9/2021,15688.25,15730.84961,15632.75,15689.79981,15689.79981,243200
7/12/2021,15766.79981,15789.2002,15644.75,15692.59961,15692.59961,216300
7/13/2021,15794,15820.79981,15744.59961,15812.34961,15812.34961,246700
7/14/2021,15808.7002,15877.34961,15764.2002,15853.9502,15853.9502,0
7/15/2021,15872.15039,15952.34961,15855,15924.2002,15924.2002,284900
7/16/2021,15958.34961,15962.25,15882.59961,15923.40039,15923.40039,276300
7/19/2021,15754.5,15836.90039,15707.5,15752.40039,15752.40039,242100
7/20/2021,15703.9502,15728.4502,15578.54981,15632.09961,15632.09961,274300
7/22/2021,15736.59961,15834.79981,15726.40039,15824.04981,15824.04981,265300
7/23/2021,15856.79981,15899.79981,15768.40039,15856.04981,15856.04981,294100
7/26/2021,15849.29981,15893.34961,15797,15824.4502,15824.4502,267100
7/27/2021,15860.5,15881.54981,15701,15746.4502,15746.4502,311000
7/28/2021,15761.54981,15767.5,15513.4502,15709.40039,15709.40039,318600
7/29/2021,15762.7002,15817.34961,15737.79981,15778.4502,15778.4502,401600
7/30/2021,15800.59961,15862.79981,15744.84961,15763.04981,15763.04981,400000
8/2/2021,15874.90039,15892.90039,15834.65039,15885.15039,15885.15039,244800
8/3/2021,15951.54981,16146.90039,15914.34961,16130.75,16130.75,341300
8/4/2021,16195.25,16290.2002,16176.15039,16258.79981,16258.79981,427300
8/5/2021,16288.9502,16349.4502,16210.29981,16294.59961,16294.59961,418200
8/6/2021,16304.40039,16336.75,16223.29981,16238.2002,16238.2002,320100
8/9/2021,16281.34961,16320.75,16179.04981,16258.25,16258.25,240500
8/10/2021,16274.79981,16359.25,16202.25,16280.09961,16280.09961,288000
8/11/2021,16327.29981,16338.75,16162.54981,16282.25,16282.25,277900
8/12/2021,16303.65039,16375.5,16286.90039,16364.40039,16364.40039,280200
8/13/2021,16385.69922,16543.59961,16376.29981,16529.09961,16529.09961,321900
8/16/2021,16518.40039,16589.40039,16480.75,16563.05078,16563.05078,254000
8/17/2021,16545.25,16628.55078,16495.40039,16614.59961,16614.59961,297400
8/18/2021,16691.94922,16701.84961,16535.84961,16568.84961,16568.84961,251800
8/20/2021,16382.5,16509.55078,16376.04981,16450.5,16450.5,350800
8/23/2021,16592.25,16592.5,16395.69922,16496.44922,16496.44922,275600
8/24/2021,16561.40039,16647.09961,16495.30078,16624.59961,16624.59961,275400
8/25/2021,16654,16712.44922,16617.5,16634.65039,16634.65039,265900
8/26/2021,16627.94922,16683.69922,16603.40039,16636.90039,16636.90039,253500
8/27/2021,16642.55078,16722.05078,16565.59961,16705.19922,16705.19922,217400
8/30/2021,16775.84961,16951.5,16764.84961,16931.05078,16931.05078,283500
8/31/2021,16947.5,17153.5,16915.84961,17132.19922,17132.19922,464400
9/1/2021,17185.59961,17225.75,17055.05078,17076.25,17076.25,301900
9/2/2021,17095.40039,17245.5,17059.69922,17234.15039,17234.15039,242400
9/3/2021,17262.44922,17340.09961,17212.19922,17323.59961,17323.59961,261400
9/6/2021,17399.34961,17429.55078,17345.55078,17377.80078,17377.80078,228000
9/7/2021,17401.55078,17436.5,17287,17362.09961,17362.09961,243400
9/8/2021,17375.75,17383.40039,17254.19922,17353.5,17353.5,252700
9/9/2021,17312.84961,17379.65039,17302.69922,17369.25,17369.25,241500
9/13/2021,17363.55078,17378.34961,17269.15039,17355.30078,17355.30078,241100
9/14/2021,17420.34961,17438.55078,17367.05078,17380,17380,230400
9/15/2021,17387.65039,17532.69922,17386.90039,17519.44922,17519.44922,388200
9/16/2021,17539.19922,17644.59961,17510.44922,17629.5,17629.5,503300
9/17/2021,17709.65039,17792.94922,17537.65039,17585.15039,17585.15039,508300
9/20/2021,17443.84961,17622.75,17361.80078,17396.90039,17396.90039,339100
9/21/2021,17450.5,17578.34961,17326.09961,17562,17562,363600
9/22/2021,17580.90039,17610.44922,17524,17546.65039,17546.65039,295200
9/23/2021,17670.84961,17843.90039,17646.55078,17822.94922,17822.94922,320500
9/24/2021,17897.44922,17947.65039,17819.40039,17853.19922,17853.19922,360100
9/27/2021,17932.19922,17943.5,17802.90039,17855.09961,17855.09961,295700
9/28/2021,17906.44922,17912.84961,17576.09961,17748.59961,17748.59961,398000
9/29/2021,17657.94922,17781.75,17608.15039,17711.30078,17711.30078,562200
9/30/2021,17718.90039,17742.15039,17585.34961,17618.15039,17618.15039,378600
10/1/2021,17531.90039,17557.15039,17452.90039,17532.05078,17532.05078,305800
10/4/2021,17615.55078,17750.90039,17581.34961,17691.25,17691.25,295800
10/5/2021,17661.34961,17833.44922,17640.90039,17822.30078,17822.30078,427000
10/6/2021,17861.5,17884.59961,17613.15039,17646,17646,395800
10/7/2021,17810.55078,17857.55078,17763.80078,17790.34961,17790.34961,419900
10/8/2021,17886.84961,17941.84961,17840.34961,17895.19922,17895.19922,324100
10/11/2021,17867.55078,18041.94922,17839.09961,17945.94922,17945.94922,375800
10/12/2021,17915.80078,18008.65039,17864.94922,17991.94922,17991.94922,355600
10/13/2021,18097.84961,18197.80078,18050.75,18161.75,18161.75,506700
10/14/2021,18272.84961,18350.75,18248.69922,18338.55078,18338.55078,538700
10/18/2021,18500.09961,18543.15039,18445.30078,18477.05078,18477.05078,469900
10/19/2021,18602.34961,18604.44922,18377.69922,18418.75,18418.75,368200
10/20/2021,18439.90039,18458.30078,18209.34961,18266.59961,18266.59961,371300
10/21/2021,18382.69922,18384.19922,18048,18178.09961,18178.09961,365900
10/22/2021,18230.69922,18314.25,18034.34961,18114.90039,18114.90039,324700
10/25/2021,18229.5,18241.40039,17968.5,18125.40039,18125.40039,418700
10/26/2021,18154.5,18310.44922,18099.30078,18268.40039,18268.40039,341400
10/27/2021,18295.84961,18342.05078,18167.90039,18210.94922,18210.94922,335200
10/28/2021,18187.65039,18190.69922,17799.44922,17857.25,17857.25,374200
10/29/2021,17833.05078,17915.84961,17613.09961,17671.65039,17671.65039,336500
11/1/2021,17783.15039,17954.09961,17697.09961,17929.65039,17929.65039,281200
11/2/2021,17970.90039,18012.25,17847.59961,17888.94922,17888.94922,296400
11/3/2021,17947.94922,17988.75,17757.94922,17829.19922,17829.19922,331000
11/4/2021,17935.05078,17947.55078,17900.59961,17916.80078,17916.80078,48500
11/8/2021,18040.19922,18087.80078,17836.09961,18068.55078,18068.55078,338900
11/9/2021,18084.34961,18112.59961,17983.05078,18044.25,18044.25,270200
11/10/2021,17973.44922,18061.25,17915,18017.19922,18017.19922,261400
11/11/2021,17967.44922,17971.34961,17798.19922,17873.59961,17873.59961,232100
11/12/2021,17977.59961,18123,17905.90039,18102.75,18102.75,249100
11/15/2021,18140.94922,18210.15039,18071.30078,18109.44922,18109.44922,280400
11/16/2021,18127.05078,18132.65039,17958.80078,17999.19922,17999.19922,267400
11/17/2021,17939.34961,18022.65039,17879.25,17898.65039,17898.65039,295700
11/18/2021,17890.55078,17945.59961,17688.5,17764.80078,17764.80078,278400
11/22/2021,17796.25,17805.25,17280.44922,17416.55078,17416.55078,356400
11/23/2021,17281.75,17553.69922,17216.09961,17503.34961,17503.34961,308800
11/24/2021,17550.05078,17600.59961,17354,17415.05078,17415.05078,298100
11/25/2021,17417.30078,17564.34961,17351.69922,17536.25,17536.25,255900
11/26/2021,17338.75,17355.40039,16985.69922,17026.44922,17026.44922,356300
11/29/2021,17055.80078,17160.69922,16782.40039,17053.94922,17053.94922,348900
11/30/2021,17051.15039,17324.65039,16931.40039,16983.19922,16983.19922,498000
12/1/2021,17104.40039,17213.05078,17064.25,17166.90039,17166.90039,295500
12/2/2021,17183.19922,17420.34961,17149.30078,17401.65039,17401.65039,279900
12/3/2021,17424.90039,17489.80078,17180.80078,17196.69922,17196.69922,292500
12/6/2021,17209.05078,17216.75,16891.69922,16912.25,16912.25,231700
12/7/2021,17044.09961,17251.65039,16987.75,17176.69922,17176.69922,254100
12/8/2021,17315.25,17484.59961,17308.94922,17469.75,17469.75,257800
12/9/2021,17524.40039,17543.25,17379.59961,17516.84961,17516.84961,237200
12/10/2021,17476.05078,17534.34961,17405.25,17511.30078,17511.30078,204500
12/13/2021,17619.09961,17639.5,17355.94922,17368.25,17368.25,256600
12/14/2021,17283.19922,17376.19922,17225.80078,17324.90039,17324.90039,271000
12/15/2021,17323.65039,17351.19922,17192.19922,17221.40039,17221.40039,215000
12/16/2021,17373,17379.34961,17184.94922,17248.40039,17248.40039,219500
12/17/2021,17276,17298.15039,16966.44922,16985.19922,16985.19922,354600
12/20/2021,16824.25,16840.09961,16410.19922,16614.19922,16614.19922,330600
12/21/2021,16773.15039,16936.40039,16688.25,16770.84961,16770.84961,241000
12/22/2021,16865.55078,16971,16819.5,16955.44922,16955.44922,207900
12/23/2021,17066.80078,17118.65039,17015.55078,17072.59961,17072.59961,197000
12/24/2021,17149.5,17155.59961,16909.59961,17003.75,17003.75,182600
12/27/2021,16937.75,17112.05078,16833.19922,17086.25,17086.25,144800
12/28/2021,17177.59961,17250.25,17161.15039,17233.25,17233.25,176000
12/29/2021,17220.09961,17285.94922,17176.65039,17213.59961,17213.59961,161700
12/30/2021,17201.44922,17264.05078,17146.34961,17203.94922,17203.94922,320800
12/31/2021,17244.5,17400.80078,17238.5,17354.05078,17354.05078,167000
1/3/2022,17387.15039,17646.65039,17383.30078,17625.69922,17625.69922,200500
1/4/2022,17681.40039,17827.59961,17593.55078,17805.25,17805.25,247400
1/5/2022,17820.09961,17944.69922,17748.84961,17925.25,17925.25,251500
1/6/2022,17768.5,17797.94922,17655.55078,17745.90039,17745.90039,236500
1/7/2022,17797.59961,17905,17704.55078,17812.69922,17812.69922,239300
1/10/2022,17913.30078,18017.44922,17879.15039,18003.30078,18003.30078,232400
1/11/2022,17997.75,18081.25,17964.40039,18055.75,18055.75,220200
1/12/2022,18170.40039,18227.94922,18128.80078,18212.34961,18212.34961,245000
1/13/2022,18257,18272.25,18163.80078,18257.80078,18257.80078,303700
1/14/2022,18185,18286.94922,18119.65039,18255.75,18255.75,229500
1/17/2022,18235.65039,18321.55078,18228.75,18308.09961,18308.09961,266700
1/18/2022,18337.19922,18350.94922,18085.90039,18113.05078,18113.05078,227500
1/19/2022,18129.19922,18129.19922,17884.90039,17938.40039,17938.40039,276700
1/20/2022,17921,17943.69922,17648.44922,17757,17757,258100
1/21/2022,17613.69922,17707.59961,17485.84961,17617.15039,17617.15039,277600
1/24/2022,17575.15039,17599.40039,16997.84961,17149.09961,17149.09961,323800
1/25/2022,17001.55078,17309.15039,16836.80078,17277.94922,17277.94922,326500
1/27/2022,17062,17182.5,16866.75,17110.15039,17110.15039,395600
1/28/2022,17208.30078,17373.5,17077.09961,17101.94922,17101.94922,355300
1/31/2022,17301.05078,17410,17264.15039,17339.84961,17339.84961,321700
2/1/2022,17529.44922,17622.40039,17244.55078,17576.84961,17576.84961,386400
2/2/2022,17706.19922,17794.59961,17674.80078,17780,17780,271200
2/3/2022,17767.75,17781.15039,17511.15039,17560.19922,17560.19922,226600
2/4/2022,17590.19922,17617.80078,17462.55078,17516.30078,17516.30078,261400
2/7/2022,17456.30078,17536.75,17119.40039,17213.59961,17213.59961,265000
2/8/2022,17279.84961,17306.44922,17043.65039,17266.75,17266.75,268500
2/9/2022,17370.09961,17477.15039,17339,17463.80078,17463.80078,236400
2/10/2022,17554.09961,17639.44922,17427.15039,17605.84961,17605.84961,273600
2/11/2022,17451,17454.75,17303,17374.75,17374.75,253100
2/14/2022,17076.15039,17099.5,16809.65039,16842.80078,16842.80078,305500
2/15/2022,16933.25,17375,16839.25,17352.44922,17352.44922,298700
2/16/2022,17408.44922,17490.59961,17257.69922,17322.19922,17322.19922,244500
2/17/2022,17396.55078,17442.90039,17235.84961,17304.59961,17304.59961,232100
2/18/2022,17236.05078,17380.80078,17219.19922,17276.30078,17276.30078,189600
2/21/2022,17192.25,17351.05078,17070.69922,17206.65039,17206.65039,215200
2/22/2022,16847.94922,17148.55078,16843.80078,17092.19922,17092.19922,300100
2/23/2022,17194.5,17220.69922,17027.84961,17063.25,17063.25,200200
2/24/2022,16548.90039,16705.25,16203.25,16247.9502,16247.9502,458000
2/25/2022,16515.65039,16748.80078,16478.30078,16658.40039,16658.40039,329800
2/28/2022,16481.59961,16815.90039,16356.29981,16793.90039,16793.90039,404200
3/2/2022,16593.09961,16678.5,16478.65039,16605.94922,16605.94922,517700
3/3/2022,16723.19922,16768.94922,16442.94922,16498.05078,16498.05078,442100
3/4/2022,16339.4502,16456,16133.79981,16245.34961,16245.34961,456100
3/7/2022,15867.9502,15944.59961,15711.4502,15863.15039,15863.15039,585400
3/8/2022,15747.75,16028.75,15671.4502,16013.4502,16013.4502,543600
3/9/2022,16078,16418.05078,15990,16345.34961,16345.34961,462200
3/10/2022,16757.09961,16757.30078,16447.90039,16594.90039,16594.90039,486400
3/11/2022,16528.80078,16694.40039,16470.90039,16630.44922,16630.44922,343700
3/14/2022,16633.69922,16887.94922,16606.5,16871.30078,16871.30078,314700
3/15/2022,16900.65039,16927.75,16555,16663,16663,381600
3/16/2022,16876.65039,16987.90039,16837.84961,16975.34961,16975.34961,260000
3/17/2022,17202.90039,17344.59961,17175.75,17287.05078,17287.05078,448300
3/21/2022,17329.5,17353.34961,17096.40039,17117.59961,17117.59961,285500
3/22/2022,17120.40039,17334.40039,17006.30078,17315.5,17315.5,338300
3/23/2022,17405.05078,17442.40039,17199.59961,17245.65039,17245.65039,292100
3/24/2022,17094.94922,17291.75,17091.15039,17222.75,17222.75,290300
3/25/2022,17289,17294.90039,17076.55078,17153,17153,237100
3/28/2022,17181.84961,17235.09961,17003.90039,17222,17222,253200
3/29/2022,17297.19922,17343.65039,17235.69922,17325.30078,17325.30078,235100
3/30/2022,17468.15039,17522.5,17387.19922,17498.25,17498.25,505000
3/31/2022,17519.19922,17559.80078,17435.19922,17464.75,17464.75,281100
4/1/2022,17436.90039,17703.69922,17422.69922,17670.44922,17670.44922,291800
4/4/2022,17809.09961,18114.65039,17791.40039,18053.40039,18053.40039,345500
4/5/2022,18080.59961,18095.44922,17921.55078,17957.40039,17957.40039,283500
4/6/2022,17842.75,17901,17779.84961,17807.65039,17807.65039,328800
4/7/2022,17723.30078,17787.5,17623.69922,17639.55078,17639.55078,308800
4/8/2022,17698.15039,17842.75,17600.55078,17784.34961,17784.34961,274400
4/11/2022,17740.90039,17779.05078,17650.94922,17674.94922,17674.94922,251700
4/12/2022,17584.84961,17595.30078,17442.34961,17530.30078,17530.30078,266000
4/13/2022,17599.90039,17663.65039,17457.40039,17475.65039,17475.65039,245100
4/18/2022,17183.44922,17237.75,17067.84961,17173.65039,17173.65039,376100
4/19/2022,17258.94922,17275.65039,16824.69922,16958.65039,16958.65039,401400
4/20/2022,17045.25,17186.90039,16978.94922,17136.55078,17136.55078,286100
4/21/2022,17234.59961,17414.69922,17215.5,17392.59961,17392.59961,285200
4/22/2022,17242.75,17315.30078,17149.19922,17171.94922,17171.94922,262700
4/25/2022,17009.05078,17054.30078,16888.69922,16953.94922,16953.94922,275700
4/26/2022,17121.30078,17223.84961,17064.44922,17200.80078,17200.80078,261100
4/27/2022,17073.34961,17110.69922,16958.44922,17038.40039,17038.40039,265100
4/28/2022,17189.5,17322.5,17071.05078,17245.05078,17245.05078,312900
4/29/2022,17329.25,17377.65039,17053.25,17102.55078,17102.55078,336200
5/2/2022,16924.44922,17092.25,16917.25,17069.09961,17069.09961,278200
5/4/2022,17096.59961,17132.84961,16623.94922,16677.59961,16677.59961,310600
5/5/2022,16854.75,16945.69922,16651.84961,16682.65039,16682.65039,265800
5/6/2022,16415.55078,16484.19922,16340.90039,16411.25,16411.25,300500
5/9/2022,16227.7002,16403.69922,16142.09961,16301.84961,16301.84961,288400
5/10/2022,16248.90039,16404.55078,16197.29981,16240.04981,16240.04981,283100
5/11/2022,16270.04981,16318.75,15992.59961,16167.09961,16167.09961,284300
5/12/2022,16021.09961,16041.9502,15735.75,15808,15808,314900
5/13/2022,15977,16083.59961,15740.84961,15782.15039,15782.15039,369100
5/16/2022,15845.09961,15977.9502,15739.65039,15842.29981,15842.29981,217600
5/17/2022,15912.59961,16284.25,15900.79981,16259.29981,16259.29981,295700
5/18/2022,16318.15039,16399.80078,16211.2002,16240.29981,16240.29981,290400
5/19/2022,15917.40039,15984.75,15775.2002,15809.40039,15809.40039,313900
5/20/2022,16043.79981,16283.04981,16003.84961,16266.15039,16266.15039,252400
5/23/2022,16290.9502,16414.69922,16185.75,16214.7002,16214.7002,293800
5/24/2022,16225.54981,16262.79981,16078.59961,16125.15039,16125.15039,249800
5/25/2022,16196.34961,16223.34961,16006.9502,16025.79981,16025.79981,243300
5/26/2022,16105,16204.4502,15903.7002,16170.15039,16170.15039,314300
5/27/2022,16296.6,16370.6,16221.95,16352.45,16352.45,274100
